{"cameraMode":{"drawMode":0,"name":"Shaded","section":"Shading Mode"},"sceneLighting":true,"audioPlay":false,"sceneViewState":{"m_AlwaysRefresh":false,"showFog":true,"showSkybox":true,"showFlares":true,"showImageEffects":true,"showParticleSystems":true,"showVisualEffectGraphs":true,"m_FxEnabled":true},"in2DMode":false,"pivot":{"x":-1.722838282585144,"y":2.607424259185791,"z":4.443149089813232},"rotation":{"x":0.16220791637897492,"y":-0.34418874979019167,"z":0.06050049886107445,"w":0.9228032827377319},"size":12.124356269836426,"orthographic":true}