{"cameraMode":{"drawMode":0,"name":"Shaded","section":"Shading Mode"},"sceneLighting":true,"audioPlay":false,"sceneViewState":{"m_AlwaysRefresh":false,"showFog":true,"showSkybox":true,"showFlares":true,"showImageEffects":true,"showParticleSystems":true,"showVisualEffectGraphs":true,"m_FxEnabled":true},"in2DMode":false,"pivot":{"x":5.405879497528076,"y":22.912763595581056,"z":-10.540736198425293},"rotation":{"x":0.5680851936340332,"y":-0.035774849355220798,"z":0.0247300174087286,"w":0.8218576312065125},"size":0.21511323750019074,"orthographic":false}